Query_ID	Dec_ID	Rank	Score
55	4av4	1	3.9999999999999925
30	3c2r	2	3.0
5	3pwk	3	3.0
161	6c85	4	3.0
102	4av5	5	2.423737373737366
102	4att	6	2.3046996576408327
