Query_ID	Dec_ID	Rank	Score
55	4av4	1	3.9999999999999925
5	3pwk	2	3.0
161	6c85	3	3.0
30	3c2r	4	3.0
102	4av5	5	2.423737373737366
