Query_ID	Dec_ID	Rank	Score
0	4av4	1	1.0
0	4av5	2	0.4407638888888889
0	4att	3	0.39779449448840787
0	4auj	4	0.33381814264167203
0	4d4d	5	0.32621605693821115
0	4buq	6	0.2882450856055802
0	4xoc	7	0.2882450856055802
0	4xo8	8	0.2882450856055802
0	4xoe	9	0.2882450856055802
