Query_ID	Dec_ID	Rank	Score
0	4av4	1	1.0
0	4av5	2	0.4407638888888889
0	4att	3	0.39779449448840787
0	4auj	4	0.33381814264167203
